CookerStat, GenerateAssetRegistry=0.019759, Initialize=0.110850, RunGuid=RunID3DAD11854582523DC43988B04EC94887
DDCTransactionId8049D9FC4239867F3F758DBAC4F8E2D9_0, PutCachedData=, CacheKey=NavCollision_B89838347A4348138EE337A847529C5C_NavCollision_X_5F07B6194D798B65F__E8B83A3E740222775520F76B713F8EC6EB7E5239, StartTime=2016.07.04-20.13.04, HierarchicalDDC=, DataSize=1317, Duration=3.107082, RunGuid=RunID3DAD11854582523DC43988B04EC94887
DDCTransactionId8049D9FC4239867F3F758DBAC4F8E2D9_1, PutCachedData=, CacheKey=NavCollision_B89838347A4348138EE337A847529C5C_NavCollision_X_08D41975435A7AA9D__2F0821B7A7F96AC54A018B432E345BF5F3506036, StartTime=2016.07.04-20.17.59, HierarchicalDDC=, DataSize=2397, Duration=3.985394, RunGuid=RunID3DAD11854582523DC43988B04EC94887
DDCTransactionId8285B29244D04C8C2F721D90CD59A664_0, PutCachedData=, CacheKey=STATICMESH_37403C6FB9441A6992E4CB614156E6A_8C68575CEF434CA8A9E1DA4AED8A47BB_12__4D4B66ED371921B709CEF4C564106F2077147D80, StartTime=2016.07.04-20.18.04, HierarchicalDDC=, DataSize=210273, Duration=4.156545, RunGuid=RunID3DAD11854582523DC43988B04EC94887
DDCTransactionId054DC54B4980E17C676F0FAA0355F9A4_0, PutCachedData=, CacheKey=PhysX_1D9C17C451EA4FB88CB7A27536A65DB0_PhysXPC_BBC70DCF45F4772D4732D8A1D893983__FAC0EB13FC1C9DBB7B875B5821BF85E51B6EFC16, StartTime=2016.07.04-20.18.04, HierarchicalDDC=, DataSize=44412, Duration=3.547907, RunGuid=RunID3DAD11854582523DC43988B04EC94887
DDCTransactionId8049D9FC4239867F3F758DBAC4F8E2D9_2, PutCachedData=, CacheKey=PhysX_1D9C17C451EA4FB88CB7A27536A65DB0_PhysXPC_08A424CE415F1FBC1929EF863E3BC68__37E89C3B9ED6C97DED21EEC7913D8C3936254363, StartTime=2016.07.04-20.18.04, HierarchicalDDC=, DataSize=47032, Duration=4.098039, RunGuid=RunID3DAD11854582523DC43988B04EC94887
DDCTransactionId8285B29244D04C8C2F721D90CD59A664_1, PutCachedData=, CacheKey=NavCollision_B89838347A4348138EE337A847529C5C_NavCollision_X_5DCFDB504E427DF9C__B661D65D93E62D8E71E96B3F3DF2554099BD7742, StartTime=2016.07.04-20.18.04, HierarchicalDDC=, DataSize=2181, Duration=4.166294, RunGuid=RunID3DAD11854582523DC43988B04EC94887
DDCTransactionId054DC54B4980E17C676F0FAA0355F9A4_1, PutCachedData=, CacheKey=STATICMESH_37403C6FB9441A6992E4CB614156E6A_8C68575CEF434CA8A9E1DA4AED8A47BB_C2__7071AEA33CDAD7381F49DF6E6D1F167074417D32, StartTime=2016.07.04-20.18.04, HierarchicalDDC=, DataSize=204365, Duration=3.973339, RunGuid=RunID3DAD11854582523DC43988B04EC94887
DDCTransactionId8049D9FC4239867F3F758DBAC4F8E2D9_3, PutCachedData=, CacheKey=PhysX_1D9C17C451EA4FB88CB7A27536A65DB0_PhysXPC_4AA3D8B74FF4177C593C2BB54F5CACF__1F9A35A68967BA9BE43455669FB7B240BC28C274, StartTime=2016.07.04-20.18.04, HierarchicalDDC=, DataSize=51222, Duration=5.740747, RunGuid=RunID3DAD11854582523DC43988B04EC94887
DDCTransactionId8285B29244D04C8C2F721D90CD59A664_2, PutCachedData=, CacheKey=PhysX_1D9C17C451EA4FB88CB7A27536A65DB0_PhysXPC_A28B278E4E81A404E592768D3FCEC9F__97609CED40B62B8F0993C28B6ECB9FB03B4428ED, StartTime=2016.07.04-20.18.04, HierarchicalDDC=, DataSize=54052, Duration=4.569657, RunGuid=RunID3DAD11854582523DC43988B04EC94887
DDCTransactionId054DC54B4980E17C676F0FAA0355F9A4_2, PutCachedData=, CacheKey=STATICMESH_37403C6FB9441A6992E4CB614156E6A_8C68575CEF434CA8A9E1DA4AED8A47BB_70__5977171A2DAE1FC2FBDFDCB819FB714D5AAA320D, StartTime=2016.07.04-20.18.04, HierarchicalDDC=, DataSize=238485, Duration=3.892765, RunGuid=RunID3DAD11854582523DC43988B04EC94887
DDCTransactionId8049D9FC4239867F3F758DBAC4F8E2D9_4, PutCachedData=, CacheKey=PhysX_1D9C17C451EA4FB88CB7A27536A65DB0_PhysXPC_C4E907584862E16308B767BF3D77EEE__1F9A02336152EAE944517AEFD19E648EBA2B8F36, StartTime=2016.07.04-20.18.04, HierarchicalDDC=, DataSize=43136, Duration=4.177842, RunGuid=RunID3DAD11854582523DC43988B04EC94887
DDCTransactionId8285B29244D04C8C2F721D90CD59A664_3, PutCachedData=, CacheKey=PhysX_1D9C17C451EA4FB88CB7A27536A65DB0_PhysXPC_49F617FC4C9B517BBAF076819EF7A7D__A512279F92370233C3053FBA3408DB41DC521418, StartTime=2016.07.04-20.18.04, HierarchicalDDC=, DataSize=45030, Duration=73.482979, RunGuid=RunID3DAD11854582523DC43988B04EC94887
DDCTransactionId054DC54B4980E17C676F0FAA0355F9A4_3, PutCachedData=, CacheKey=PhysX_1D9C17C451EA4FB88CB7A27536A65DB0_PhysXPC_83426CBD41EADF59BCB090B21F70C0F__BB0122C9E6BDCFFDBDC572E226D0CC64B5518DDA, StartTime=2016.07.04-20.18.04, HierarchicalDDC=, DataSize=45030, Duration=83.259415, RunGuid=RunID3DAD11854582523DC43988B04EC94887
DDCTransactionId054DC54B4980E17C676F0FAA0355F9A4_4, PutCachedData=, CacheKey=PhysX_1D9C17C451EA4FB88CB7A27536A65DB0_PhysXPC_1E0033424565A929750355ADFB7238A__15E222D1AA97CCC510E3A06BEFF83864CD4527A7, StartTime=2016.07.04-20.19.43, HierarchicalDDC=, DataSize=45030, Duration=85.639053, RunGuid=RunID3DAD11854582523DC43988B04EC94887
DDCTransactionId8285B29244D04C8C2F721D90CD59A664_4, PutCachedData=, CacheKey=PhysX_1D9C17C451EA4FB88CB7A27536A65DB0_PhysXPC_BE2FE22A43A2768BC512418B14E0EAD__8BF442949920E2B26A86094293CD6C0C0112734D, StartTime=2016.07.04-20.19.43, HierarchicalDDC=, DataSize=45030, Duration=87.626366, RunGuid=RunID3DAD11854582523DC43988B04EC94887
DDCTransactionId8049D9FC4239867F3F758DBAC4F8E2D9_5, PutCachedData=, CacheKey=PhysX_1D9C17C451EA4FB88CB7A27536A65DB0_PhysXPC_FDCFE2C14B84AC99D93964AF9AE4805__84CCE58AADF0AFD807AA0590B8FA6A3B95B1943D, StartTime=2016.07.04-20.19.43, HierarchicalDDC=, DataSize=45030, Duration=86.445267, RunGuid=RunID3DAD11854582523DC43988B04EC94887
DDCTransactionId054DC54B4980E17C676F0FAA0355F9A4_5, PutCachedData=, CacheKey=PhysX_1D9C17C451EA4FB88CB7A27536A65DB0_PhysXPC_ACDD959946E585321E6058BC5C9B7B0__BEFFDEE0E408791AAFF649EB33B9F3A16DA691A5, StartTime=2016.07.04-20.19.43, HierarchicalDDC=, DataSize=45030, Duration=106.093842, RunGuid=RunID3DAD11854582523DC43988B04EC94887
DDCTransactionId8285B29244D04C8C2F721D90CD59A664_5, PutCachedData=, CacheKey=PhysX_1D9C17C451EA4FB88CB7A27536A65DB0_PhysXPC_CC44592145DFBD5438183FB3868F697__482A3AC87DBF88411DA3228F4F2D37E05504FBD8, StartTime=2016.07.04-20.19.43, HierarchicalDDC=, DataSize=45030, Duration=87.988930, RunGuid=RunID3DAD11854582523DC43988B04EC94887
DDCTransactionId8049D9FC4239867F3F758DBAC4F8E2D9_6, PutCachedData=, CacheKey=PhysX_1D9C17C451EA4FB88CB7A27536A65DB0_PhysXPC_4FE14AD04C770C6E65CB5D91F57180C__9C15BD9D53F5F809DACAA89028457CD0C023369D, StartTime=2016.07.04-20.19.43, HierarchicalDDC=, DataSize=45030, Duration=86.638992, RunGuid=RunID3DAD11854582523DC43988B04EC94887
DDCTransactionId8285B29244D04C8C2F721D90CD59A664_6, PutCachedData=, CacheKey=PhysX_1D9C17C451EA4FB88CB7A27536A65DB0_PhysXPC_EDCCA6ED49E9E686D83FCE912E155C4__CE704E138A6A4BA760A88E610908F40A8AB83CEA, StartTime=2016.07.04-20.19.43, HierarchicalDDC=, DataSize=45030, Duration=98.653687, RunGuid=RunID3DAD11854582523DC43988B04EC94887
DDCTransactionId054DC54B4980E17C676F0FAA0355F9A4_6, PutCachedData=, CacheKey=PhysX_1D9C17C451EA4FB88CB7A27536A65DB0_PhysXPC_7225C9CB4B97E231BCBD288A8BE44EE__0F0980C1170CA5AE9CA2A34A6C14C127DCFC72CB, StartTime=2016.07.04-20.19.43, HierarchicalDDC=, DataSize=45030, Duration=95.741615, RunGuid=RunID3DAD11854582523DC43988B04EC94887
DDCTransactionId8049D9FC4239867F3F758DBAC4F8E2D9_7, PutCachedData=, CacheKey=PhysX_1D9C17C451EA4FB88CB7A27536A65DB0_PhysXPC_69E603E640DD9CDCF8DFAD8B14CB0EE__96F852ADD1C215F66FA91BF041961622650F9710, StartTime=2016.07.04-20.19.44, HierarchicalDDC=, DataSize=45030, Duration=93.149513, RunGuid=RunID3DAD11854582523DC43988B04EC94887
DDCTransactionId054DC54B4980E17C676F0FAA0355F9A4_7, PutCachedData=, CacheKey=PhysX_1D9C17C451EA4FB88CB7A27536A65DB0_PhysXPC_5786A28D4504E9F944E1F8A8485E194__09186883428DE8CB986791F0245512413839BB1A, StartTime=2016.07.04-20.19.44, HierarchicalDDC=, DataSize=45030, Duration=89.502563, RunGuid=RunID3DAD11854582523DC43988B04EC94887
DDCTransactionId8285B29244D04C8C2F721D90CD59A664_7, PutCachedData=, CacheKey=PhysX_1D9C17C451EA4FB88CB7A27536A65DB0_PhysXPC_F398CD8241CD19317D9882B5A0C2E73__853FE28FEE0287A90C5D9A67541CEB9C0A07A853, StartTime=2016.07.04-20.19.44, HierarchicalDDC=, DataSize=45030, Duration=81.244904, RunGuid=RunID3DAD11854582523DC43988B04EC94887
DDCTransactionId8049D9FC4239867F3F758DBAC4F8E2D9_8, PutCachedData=, CacheKey=PhysX_1D9C17C451EA4FB88CB7A27536A65DB0_PhysXPC_DFB1AB3549133BA7D07DAA8F10D2CDF__83D81E6C6068D43BCF5B0DD514760E8CB3456671, StartTime=2016.07.04-20.19.44, HierarchicalDDC=, DataSize=45030, Duration=83.860092, RunGuid=RunID3DAD11854582523DC43988B04EC94887
DDCTransactionId8285B29244D04C8C2F721D90CD59A664_8, PutCachedData=, CacheKey=PhysX_1D9C17C451EA4FB88CB7A27536A65DB0_PhysXPC_9998AB304182F7E373555CBF6199C1F__D1BAE6837C64A96936EAE43A13CAB5B1D41447BB, StartTime=2016.07.04-20.19.44, HierarchicalDDC=, DataSize=45030, Duration=97.682480, RunGuid=RunID3DAD11854582523DC43988B04EC94887
DDCTransactionId054DC54B4980E17C676F0FAA0355F9A4_8, PutCachedData=, CacheKey=PhysX_1D9C17C451EA4FB88CB7A27536A65DB0_PhysXPC_EB14E9774F89848248C7F2BFAA41A43__F88ADBBFEC8ADC99713C79BF3BD6A9B3E8A394C2, StartTime=2016.07.04-20.19.44, HierarchicalDDC=, DataSize=45030, Duration=96.382843, RunGuid=RunID3DAD11854582523DC43988B04EC94887
DDCTransactionId8049D9FC4239867F3F758DBAC4F8E2D9_9, PutCachedData=, CacheKey=PhysX_1D9C17C451EA4FB88CB7A27536A65DB0_PhysXPC_ED58E87F448D16DFCD6B789908486CE__6B5E6C67B1B6FAD4FC4310B83EC6917A5372BF0A, StartTime=2016.07.04-20.19.44, HierarchicalDDC=, DataSize=45030, Duration=84.175964, RunGuid=RunID3DAD11854582523DC43988B04EC94887
DDCTransactionId8049D9FC4239867F3F758DBAC4F8E2D9_10, PutCachedData=, CacheKey=PhysX_1D9C17C451EA4FB88CB7A27536A65DB0_PhysXPC_7D2ACDF74C4F9D33984018BD43FDDC0__831868DEE8964842038CF652316DD502E119A70D, StartTime=2016.07.04-20.19.44, HierarchicalDDC=, DataSize=45030, Duration=78.734146, RunGuid=RunID3DAD11854582523DC43988B04EC94887
DDCTransactionId8285B29244D04C8C2F721D90CD59A664_9, PutCachedData=, CacheKey=PhysX_1D9C17C451EA4FB88CB7A27536A65DB0_PhysXPC_0CF7D11E4314BA42F2A5D5B5CA47B31__8F9BDB6270102AF4B174A4A0C12280FABD661DFD, StartTime=2016.07.04-20.19.44, HierarchicalDDC=, DataSize=45030, Duration=75.780762, RunGuid=RunID3DAD11854582523DC43988B04EC94887
DDCTransactionId054DC54B4980E17C676F0FAA0355F9A4_9, PutCachedData=, CacheKey=PhysX_1D9C17C451EA4FB88CB7A27536A65DB0_PhysXPC_815F629E48D749C60AB19DAA8425698__58EA8DE6B5AA277BCA29E18A2EA23FE694A54E8F, StartTime=2016.07.04-20.19.44, HierarchicalDDC=, DataSize=45030, Duration=81.155350, RunGuid=RunID3DAD11854582523DC43988B04EC94887
DDCTransactionId8049D9FC4239867F3F758DBAC4F8E2D9_11, PutCachedData=, CacheKey=PhysX_1D9C17C451EA4FB88CB7A27536A65DB0_PhysXPC_CFA5D4884066065DA19098A66A16A18__FB3AACEAED15FC740C6F6AABF437D2F8612BA336, StartTime=2016.07.04-20.19.44, HierarchicalDDC=, DataSize=45030, Duration=85.284698, RunGuid=RunID3DAD11854582523DC43988B04EC94887
DDCTransactionId8285B29244D04C8C2F721D90CD59A664_10, PutCachedData=, CacheKey=PhysX_1D9C17C451EA4FB88CB7A27536A65DB0_PhysXPC_3F1749C44FEDC028870B188C13952EB__4B2AEBCDE74282C4C008A6214930370E0CDE4566, StartTime=2016.07.04-20.19.44, HierarchicalDDC=, DataSize=45030, Duration=89.251877, RunGuid=RunID3DAD11854582523DC43988B04EC94887
DDCTransactionId054DC54B4980E17C676F0FAA0355F9A4_10, PutCachedData=, CacheKey=PhysX_1D9C17C451EA4FB88CB7A27536A65DB0_PhysXPC_B59C2B4E443BC833D1657F87C8E937A__E2E09C394B377B3656786BE3C1A6B0ACD2465AC5, StartTime=2016.07.04-20.19.44, HierarchicalDDC=, DataSize=45030, Duration=91.769821, RunGuid=RunID3DAD11854582523DC43988B04EC94887
DDCTransactionId8049D9FC4239867F3F758DBAC4F8E2D9_12, PutCachedData=, CacheKey=PhysX_1D9C17C451EA4FB88CB7A27536A65DB0_PhysXPC_9174AD4E4513ADABE8263D845526D26__0443E82D7E21EBF31478055C2C61FDFA6F00DFF4, StartTime=2016.07.04-20.19.44, HierarchicalDDC=, DataSize=45030, Duration=83.304314, RunGuid=RunID3DAD11854582523DC43988B04EC94887
DDCTransactionId8285B29244D04C8C2F721D90CD59A664_11, PutCachedData=, CacheKey=PhysX_1D9C17C451EA4FB88CB7A27536A65DB0_PhysXPC_5DAE48084AB518162C83AD9EEF12900__F28A15D78D03694BB72CA081BAFABD6B94B98B0A, StartTime=2016.07.04-20.19.44, HierarchicalDDC=, DataSize=45030, Duration=97.388939, RunGuid=RunID3DAD11854582523DC43988B04EC94887
DDCTransactionId054DC54B4980E17C676F0FAA0355F9A4_11, PutCachedData=, CacheKey=PhysX_1D9C17C451EA4FB88CB7A27536A65DB0_PhysXPC_AD779840425BCDE0961331899284EFA__1A7D48D032A006DD54B9954A7BA060CD7C5A9B0B, StartTime=2016.07.04-20.19.44, HierarchicalDDC=, DataSize=45030, Duration=96.667656, RunGuid=RunID3DAD11854582523DC43988B04EC94887
DDCTransactionId8049D9FC4239867F3F758DBAC4F8E2D9_13, PutCachedData=, CacheKey=PhysX_1D9C17C451EA4FB88CB7A27536A65DB0_PhysXPC_5AD61A344AFDBD5B8B02779BAB3E8EC__67EE49FEE4DF94FDA95A0BAF20F58AC4BFC56E29, StartTime=2016.07.04-20.19.44, HierarchicalDDC=, DataSize=45030, Duration=99.646187, RunGuid=RunID3DAD11854582523DC43988B04EC94887
DDCTransactionId8285B29244D04C8C2F721D90CD59A664_12, PutCachedData=, CacheKey=PhysX_1D9C17C451EA4FB88CB7A27536A65DB0_PhysXPC_CBF0E50F455A24F8517A4C9569F7799__F0C6A83BF8524EDBBB38915219BA84BDB1280DBB, StartTime=2016.07.04-20.19.44, HierarchicalDDC=, DataSize=45030, Duration=91.826530, RunGuid=RunID3DAD11854582523DC43988B04EC94887
DDCTransactionId054DC54B4980E17C676F0FAA0355F9A4_12, PutCachedData=, CacheKey=PhysX_1D9C17C451EA4FB88CB7A27536A65DB0_PhysXPC_26C7328D4D496603E5A01192D568708__0E342AD5ACB6E7C3C0675247D2A9A22C3EE1A9EB, StartTime=2016.07.04-20.19.44, HierarchicalDDC=, DataSize=45030, Duration=91.248680, RunGuid=RunID3DAD11854582523DC43988B04EC94887
DDCTransactionId8049D9FC4239867F3F758DBAC4F8E2D9_14, PutCachedData=, CacheKey=PhysX_1D9C17C451EA4FB88CB7A27536A65DB0_PhysXPC_732217914BF4D0138493C2B28132E4D__14DC9CFC74A6CA41B22DDF3B189AAC7AF6B1287E, StartTime=2016.07.04-20.19.44, HierarchicalDDC=, DataSize=45030, Duration=77.391655, RunGuid=RunID3DAD11854582523DC43988B04EC94887
DDCTransactionId8285B29244D04C8C2F721D90CD59A664_13, PutCachedData=, CacheKey=PhysX_1D9C17C451EA4FB88CB7A27536A65DB0_PhysXPC_08E7B02749F61FE75AE3CD82301B1A8__BD1F3BB2C8B436F3DEB9567FA8D8359196DB8C37, StartTime=2016.07.04-20.19.44, HierarchicalDDC=, DataSize=45030, Duration=81.797607, RunGuid=RunID3DAD11854582523DC43988B04EC94887
DDCTransactionId054DC54B4980E17C676F0FAA0355F9A4_13, PutCachedData=, CacheKey=PhysX_1D9C17C451EA4FB88CB7A27536A65DB0_PhysXPC_69E62BF44CF9BC278FB1328F1C5BEBC__CC9B9AED1BBE7E8DD251DB95DEC96572567F7AF6, StartTime=2016.07.04-20.19.44, HierarchicalDDC=, DataSize=45030, Duration=84.443077, RunGuid=RunID3DAD11854582523DC43988B04EC94887
DDCTransactionId8049D9FC4239867F3F758DBAC4F8E2D9_15, PutCachedData=, CacheKey=PhysX_1D9C17C451EA4FB88CB7A27536A65DB0_PhysXPC_CC004B5A43249DC2456085930C6DA78__07605350BF38B414CC664AB6083030FEC51E3A44, StartTime=2016.07.04-20.19.44, HierarchicalDDC=, DataSize=45030, Duration=88.567543, RunGuid=RunID3DAD11854582523DC43988B04EC94887
DDCTransactionId8285B29244D04C8C2F721D90CD59A664_14, PutCachedData=, CacheKey=PhysX_1D9C17C451EA4FB88CB7A27536A65DB0_PhysXPC_864C0CA048686E37E542EFA56DACA1F__045E08C1739ED8103038964FB8A05C8E393332A7, StartTime=2016.07.04-20.19.44, HierarchicalDDC=, DataSize=45030, Duration=87.130623, RunGuid=RunID3DAD11854582523DC43988B04EC94887
DDCTransactionId054DC54B4980E17C676F0FAA0355F9A4_14, PutCachedData=, CacheKey=PhysX_1D9C17C451EA4FB88CB7A27536A65DB0_PhysXPC_8F9733194334AFE8EAE651883BC5F5F__DCD8AA83BC0F7CAE81242133B1748626B3B1E1E9, StartTime=2016.07.04-20.19.44, HierarchicalDDC=, DataSize=45030, Duration=78.706947, RunGuid=RunID3DAD11854582523DC43988B04EC94887
DDCTransactionId8049D9FC4239867F3F758DBAC4F8E2D9_16, PutCachedData=, CacheKey=PhysX_1D9C17C451EA4FB88CB7A27536A65DB0_PhysXPC_C10B1FF447167128535205B778B3480__061275298D0C20D1E74EB4375D2428B47A2E0D01, StartTime=2016.07.04-20.19.44, HierarchicalDDC=, DataSize=45030, Duration=94.025528, RunGuid=RunID3DAD11854582523DC43988B04EC94887
DDCTransactionId8285B29244D04C8C2F721D90CD59A664_15, PutCachedData=, CacheKey=PhysX_1D9C17C451EA4FB88CB7A27536A65DB0_PhysXPC_3695FEFC461B759A5F1DF1B57683708__C5D8D9CCF9B9DE7B24D15C275DB71D3D29214E0D, StartTime=2016.07.04-20.19.44, HierarchicalDDC=, DataSize=45030, Duration=82.757004, RunGuid=RunID3DAD11854582523DC43988B04EC94887
DDCTransactionId054DC54B4980E17C676F0FAA0355F9A4_15, PutCachedData=, CacheKey=PhysX_1D9C17C451EA4FB88CB7A27536A65DB0_PhysXPC_8945246C44ADE0E511BE72BB0EA5300__2621FA9FDB7B30D586FE10620534C34CEB65D740, StartTime=2016.07.04-20.19.44, HierarchicalDDC=, DataSize=45030, Duration=83.893967, RunGuid=RunID3DAD11854582523DC43988B04EC94887
DDCTransactionId8049D9FC4239867F3F758DBAC4F8E2D9_17, PutCachedData=, CacheKey=PhysX_1D9C17C451EA4FB88CB7A27536A65DB0_PhysXPC_AAAAEA2A4C170BE4661284A2BE5F17C__0E251A978B54F48364EFC070D34B074E323FEC0B, StartTime=2016.07.04-20.19.44, HierarchicalDDC=, DataSize=45030, Duration=76.866920, RunGuid=RunID3DAD11854582523DC43988B04EC94887
DDCTransactionId054DC54B4980E17C676F0FAA0355F9A4_16, PutCachedData=, CacheKey=PhysX_1D9C17C451EA4FB88CB7A27536A65DB0_PhysXPC_094B83D84686A2A34F2211AAEA956C4__A67B21150C751FBF2EF09E568779ACE9096D0A77, StartTime=2016.07.04-20.19.45, HierarchicalDDC=, DataSize=45030, Duration=86.590240, RunGuid=RunID3DAD11854582523DC43988B04EC94887
DDCTransactionId8285B29244D04C8C2F721D90CD59A664_16, PutCachedData=, CacheKey=PhysX_1D9C17C451EA4FB88CB7A27536A65DB0_PhysXPC_4F90190E441E9EB77051599A74B8411__7C8BB31B29326149478BA190DA5B0A31BBE79100, StartTime=2016.07.04-20.19.45, HierarchicalDDC=, DataSize=45030, Duration=89.400955, RunGuid=RunID3DAD11854582523DC43988B04EC94887
DDCTransactionId8049D9FC4239867F3F758DBAC4F8E2D9_18, PutCachedData=, CacheKey=PhysX_1D9C17C451EA4FB88CB7A27536A65DB0_PhysXPC_9815D9A54781D3CD7B3BBAA9FEF9D12__D7860EA7AA7222B5799249DFD2237F3AAF846C4C, StartTime=2016.07.04-20.19.45, HierarchicalDDC=, DataSize=45030, Duration=85.334732, RunGuid=RunID3DAD11854582523DC43988B04EC94887
DDCTransactionId054DC54B4980E17C676F0FAA0355F9A4_17, PutCachedData=, CacheKey=PhysX_1D9C17C451EA4FB88CB7A27536A65DB0_PhysXPC_10464496437FBC2E48A8CF89AF5F9C0__E822926926A2469329BF2231F3B021713483C1A0, StartTime=2016.07.04-20.19.45, HierarchicalDDC=, DataSize=45030, Duration=94.487907, RunGuid=RunID3DAD11854582523DC43988B04EC94887
DDCTransactionId8285B29244D04C8C2F721D90CD59A664_17, PutCachedData=, CacheKey=PhysX_1D9C17C451EA4FB88CB7A27536A65DB0_PhysXPC_39D90CF34CED25BB466010B79D66687__4A030D6B93A8CCF8711ADB5B97FA53C053E73919, StartTime=2016.07.04-20.19.45, HierarchicalDDC=, DataSize=45030, Duration=88.806435, RunGuid=RunID3DAD11854582523DC43988B04EC94887
DDCTransactionId8049D9FC4239867F3F758DBAC4F8E2D9_19, PutCachedData=, CacheKey=PhysX_1D9C17C451EA4FB88CB7A27536A65DB0_PhysXPC_D8E33ED64BB4BE71BC3EF0B2EC2E27E__5D791191A30DBF2AA46DEEF3E5B91D7C7E9523AD, StartTime=2016.07.04-20.19.45, HierarchicalDDC=, DataSize=45030, Duration=93.483604, RunGuid=RunID3DAD11854582523DC43988B04EC94887
DDCTransactionId054DC54B4980E17C676F0FAA0355F9A4_18, PutCachedData=, CacheKey=PhysX_1D9C17C451EA4FB88CB7A27536A65DB0_PhysXPC_1060AFB547E941FBF1FE46AEDC9F344__1E4716FD87CFD1E262DB18BDA612079B4FBBCCF0, StartTime=2016.07.04-20.19.45, HierarchicalDDC=, DataSize=45030, Duration=80.737625, RunGuid=RunID3DAD11854582523DC43988B04EC94887
DDCTransactionId8285B29244D04C8C2F721D90CD59A664_18, PutCachedData=, CacheKey=PhysX_1D9C17C451EA4FB88CB7A27536A65DB0_PhysXPC_947F5463467F19210BF8308A626A802__A8160F99DF0A68A4718CAFD981727D654923379C, StartTime=2016.07.04-20.19.45, HierarchicalDDC=, DataSize=45030, Duration=82.054710, RunGuid=RunID3DAD11854582523DC43988B04EC94887
DDCTransactionId8285B29244D04C8C2F721D90CD59A664_19, PutCachedData=, CacheKey=PhysX_1D9C17C451EA4FB88CB7A27536A65DB0_PhysXPC_4D955F3347F137C3F1A02289DC1C472__7F2BB210DE4B6E61AE1847A6C3DA47E10D1E2F0F, StartTime=2016.07.04-20.19.45, HierarchicalDDC=, DataSize=45030, Duration=68.744995, RunGuid=RunID3DAD11854582523DC43988B04EC94887
DDCTransactionId8285B29244D04C8C2F721D90CD59A664_20, PutCachedData=, CacheKey=PhysX_1D9C17C451EA4FB88CB7A27536A65DB0_PhysXPC_F6BE9181457A559B3E3F7AA561BD730__E3F3A3C2C4E0C4B679CFD3A73930AFB64DCDAA1D, StartTime=2016.07.04-20.21.53, HierarchicalDDC=, DataSize=46924, Duration=12.277443, RunGuid=RunID3DAD11854582523DC43988B04EC94887
DDCTransactionId8049D9FC4239867F3F758DBAC4F8E2D9_20, PutCachedData=, CacheKey=PhysX_1D9C17C451EA4FB88CB7A27536A65DB0_PhysXPC_4C1FFA05488E80BAB7EB599B225F14A__2258EB18F77CF6EC560F76748787E2ECAA950F51, StartTime=2016.07.04-20.21.53, HierarchicalDDC=, DataSize=46924, Duration=13.089299, RunGuid=RunID3DAD11854582523DC43988B04EC94887
DDCTransactionId054DC54B4980E17C676F0FAA0355F9A4_19, PutCachedData=, CacheKey=PhysX_1D9C17C451EA4FB88CB7A27536A65DB0_PhysXPC_0E793D00407FBBE80685849F2B5B47C__F49AA2633AD35A700ED95B91B0CD21A5F4DDBC17, StartTime=2016.07.04-20.21.53, HierarchicalDDC=, DataSize=46924, Duration=13.587348, RunGuid=RunID3DAD11854582523DC43988B04EC94887
DDCTransactionId8049D9FC4239867F3F758DBAC4F8E2D9_21, PutCachedData=, CacheKey=PhysX_1D9C17C451EA4FB88CB7A27536A65DB0_PhysXPC_23147A7B4BBFD3341CDCDD95DE8FAC0__D7D5DE4897A57D0300168DFC901653388D1E4355, StartTime=2016.07.04-20.21.53, HierarchicalDDC=, DataSize=46924, Duration=13.787746, RunGuid=RunID3DAD11854582523DC43988B04EC94887
DDCTransactionId054DC54B4980E17C676F0FAA0355F9A4_20, PutCachedData=, CacheKey=PhysX_1D9C17C451EA4FB88CB7A27536A65DB0_PhysXPC_115EC6C34AE16DA29462C9B52975F87__2746F2E15A5AC9D8EB2CD24B3CC619919E5AAB55, StartTime=2016.07.04-20.21.53, HierarchicalDDC=, DataSize=46924, Duration=13.550140, RunGuid=RunID3DAD11854582523DC43988B04EC94887
DDCTransactionId8285B29244D04C8C2F721D90CD59A664_21, PutCachedData=, CacheKey=PhysX_1D9C17C451EA4FB88CB7A27536A65DB0_PhysXPC_5CAC5FE64F974CF1BF0325BB75A1FBE__08C56E11919D09C483A319591A6175DCB8F3AE61, StartTime=2016.07.04-20.21.53, HierarchicalDDC=, DataSize=46924, Duration=14.698394, RunGuid=RunID3DAD11854582523DC43988B04EC94887
DDCTransactionId054DC54B4980E17C676F0FAA0355F9A4_21, PutCachedData=, CacheKey=PhysX_1D9C17C451EA4FB88CB7A27536A65DB0_PhysXPC_70580E18408998130732F190654A0B9__45C9897DF34EA216F6DC038EDF8232B37A6EECF3, StartTime=2016.07.04-20.21.53, HierarchicalDDC=, DataSize=46924, Duration=13.446476, RunGuid=RunID3DAD11854582523DC43988B04EC94887
DDCTransactionId8049D9FC4239867F3F758DBAC4F8E2D9_22, PutCachedData=, CacheKey=PhysX_1D9C17C451EA4FB88CB7A27536A65DB0_PhysXPC_9B6216484ACBDC324C998785B41C6C0__E1D7BADCDA4DC4C73E32CF53829291A3BDDDDE22, StartTime=2016.07.04-20.21.53, HierarchicalDDC=, DataSize=46924, Duration=14.684793, RunGuid=RunID3DAD11854582523DC43988B04EC94887
DDCTransactionId8285B29244D04C8C2F721D90CD59A664_22, PutCachedData=, CacheKey=PhysX_1D9C17C451EA4FB88CB7A27536A65DB0_PhysXPC_57DB5BDF44125C2452BC64B40621950__15AA7BC35B1CF6286C5117E853A7627208346DEA, StartTime=2016.07.04-20.21.53, HierarchicalDDC=, DataSize=46924, Duration=12.753162, RunGuid=RunID3DAD11854582523DC43988B04EC94887
DDCTransactionId054DC54B4980E17C676F0FAA0355F9A4_22, PutCachedData=, CacheKey=PhysX_1D9C17C451EA4FB88CB7A27536A65DB0_PhysXPC_6FE4FF6D41393F3D36E44983376CCF2__EE58767F8EB7BC0ED4BA86036AA19FA1F1E16059, StartTime=2016.07.04-20.21.53, HierarchicalDDC=, DataSize=46924, Duration=13.099819, RunGuid=RunID3DAD11854582523DC43988B04EC94887
DDCTransactionId8285B29244D04C8C2F721D90CD59A664_23, PutCachedData=, CacheKey=PhysX_1D9C17C451EA4FB88CB7A27536A65DB0_PhysXPC_C96AFD904DE9910D35A38B989800619__09F0646206C5EE97853C3FE4655AE64255527B73, StartTime=2016.07.04-20.21.53, HierarchicalDDC=, DataSize=46924, Duration=12.812950, RunGuid=RunID3DAD11854582523DC43988B04EC94887
DDCTransactionId8049D9FC4239867F3F758DBAC4F8E2D9_23, PutCachedData=, CacheKey=PhysX_1D9C17C451EA4FB88CB7A27536A65DB0_PhysXPC_3C36D7E34AD051CA25767D93670F30F__5EC4D9DDFC2797E3019B90EE5D1DD4D47DC8B30F, StartTime=2016.07.04-20.21.53, HierarchicalDDC=, DataSize=46924, Duration=12.995646, RunGuid=RunID3DAD11854582523DC43988B04EC94887
DDCTransactionId054DC54B4980E17C676F0FAA0355F9A4_23, PutCachedData=, CacheKey=PhysX_1D9C17C451EA4FB88CB7A27536A65DB0_PhysXPC_946E561D47684B09430DE3AB7E309CE__CC218250573CC52A391D2A879F35A886B4514726, StartTime=2016.07.04-20.21.53, HierarchicalDDC=, DataSize=46924, Duration=13.614803, RunGuid=RunID3DAD11854582523DC43988B04EC94887
DDCTransactionId054DC54B4980E17C676F0FAA0355F9A4_24, PutCachedData=, CacheKey=PhysX_1D9C17C451EA4FB88CB7A27536A65DB0_PhysXPC_09719B5845D1CAE7BFF8D784B4F2F9F__610EE8C756692C88B0D9F394ACFD44EDBD3C34EC, StartTime=2016.07.04-20.21.53, HierarchicalDDC=, DataSize=46924, Duration=13.761829, RunGuid=RunID3DAD11854582523DC43988B04EC94887
DDCTransactionId8285B29244D04C8C2F721D90CD59A664_24, PutCachedData=, CacheKey=PhysX_1D9C17C451EA4FB88CB7A27536A65DB0_PhysXPC_73B3BEE0411943667E94679C8407037__7B59E053180E9B9416F0E257CB2AD6086CE8A89C, StartTime=2016.07.04-20.21.53, HierarchicalDDC=, DataSize=46924, Duration=12.788061, RunGuid=RunID3DAD11854582523DC43988B04EC94887
DDCTransactionId8049D9FC4239867F3F758DBAC4F8E2D9_24, PutCachedData=, CacheKey=PhysX_1D9C17C451EA4FB88CB7A27536A65DB0_PhysXPC_B972535B4B6BC65ADB1DA4B2BCD505B__B6AFFA339A42BA45B4ED25B157D7FFE3F17800F4, StartTime=2016.07.04-20.21.53, HierarchicalDDC=, DataSize=46924, Duration=14.688384, RunGuid=RunID3DAD11854582523DC43988B04EC94887
DDCTransactionId8285B29244D04C8C2F721D90CD59A664_25, PutCachedData=, CacheKey=PhysX_1D9C17C451EA4FB88CB7A27536A65DB0_PhysXPC_600591A34856F8673F8067ABFF5F694__964E94996FD31A444B7B32C9EC02EA8E33A18916, StartTime=2016.07.04-20.21.53, HierarchicalDDC=, DataSize=46924, Duration=13.540905, RunGuid=RunID3DAD11854582523DC43988B04EC94887
DDCTransactionId054DC54B4980E17C676F0FAA0355F9A4_25, PutCachedData=, CacheKey=PhysX_1D9C17C451EA4FB88CB7A27536A65DB0_PhysXPC_83005ECB459E2E61FB12FC96DE07F52__831C16E42FF5A5D531003DA88E912EE25689436A, StartTime=2016.07.04-20.21.53, HierarchicalDDC=, DataSize=46924, Duration=12.451153, RunGuid=RunID3DAD11854582523DC43988B04EC94887
DDCTransactionId8049D9FC4239867F3F758DBAC4F8E2D9_25, PutCachedData=, CacheKey=PhysX_1D9C17C451EA4FB88CB7A27536A65DB0_PhysXPC_D2EEB8EF49C206E97E9AE69B6F8BA88__781D53C2A4A83C60070973FFCCC7F8480CFE65E0, StartTime=2016.07.04-20.21.53, HierarchicalDDC=, DataSize=46924, Duration=13.507030, RunGuid=RunID3DAD11854582523DC43988B04EC94887
DDCTransactionId8285B29244D04C8C2F721D90CD59A664_26, PutCachedData=, CacheKey=PhysX_1D9C17C451EA4FB88CB7A27536A65DB0_PhysXPC_9F7ABF4549F80ABF997AC0AB17A5BD0__72E0800C0029F947922D6F220F85E1660DE8D907, StartTime=2016.07.04-20.21.53, HierarchicalDDC=, DataSize=46924, Duration=12.450900, RunGuid=RunID3DAD11854582523DC43988B04EC94887
DDCTransactionId8049D9FC4239867F3F758DBAC4F8E2D9_26, PutCachedData=, CacheKey=PhysX_1D9C17C451EA4FB88CB7A27536A65DB0_PhysXPC_608849EA4AF0016F17072AB71127672__3FF64E9CD3B6C490196AF82C584859F1782EFA16, StartTime=2016.07.04-20.21.53, HierarchicalDDC=, DataSize=46924, Duration=13.576567, RunGuid=RunID3DAD11854582523DC43988B04EC94887
DDCTransactionId054DC54B4980E17C676F0FAA0355F9A4_26, PutCachedData=, CacheKey=PhysX_1D9C17C451EA4FB88CB7A27536A65DB0_PhysXPC_2EC07E314D81A6AFB312C4AC1A5AAB4__5BF394F41EE6F08F61255EB3D79D53B208921897, StartTime=2016.07.04-20.21.53, HierarchicalDDC=, DataSize=46924, Duration=12.528904, RunGuid=RunID3DAD11854582523DC43988B04EC94887
DDCTransactionId8285B29244D04C8C2F721D90CD59A664_27, PutCachedData=, CacheKey=PhysX_1D9C17C451EA4FB88CB7A27536A65DB0_PhysXPC_16950D824FD8F2E6790CB7B8959AD2D__63DC3B352E0506489F0BA23535C023DAE290D5CE, StartTime=2016.07.04-20.21.53, HierarchicalDDC=, DataSize=46924, Duration=12.974605, RunGuid=RunID3DAD11854582523DC43988B04EC94887
DDCTransactionId8049D9FC4239867F3F758DBAC4F8E2D9_27, PutCachedData=, CacheKey=PhysX_1D9C17C451EA4FB88CB7A27536A65DB0_PhysXPC_679E647D4FE057EFA2BEE1BA98DEB2B__80E92C07F91D4964D6415CBBCD42C5D4A5576196, StartTime=2016.07.04-20.21.53, HierarchicalDDC=, DataSize=46924, Duration=13.414402, RunGuid=RunID3DAD11854582523DC43988B04EC94887
DDCTransactionId054DC54B4980E17C676F0FAA0355F9A4_27, PutCachedData=, CacheKey=PhysX_1D9C17C451EA4FB88CB7A27536A65DB0_PhysXPC_CA1A95B644E2AA26E9BB5FA0E60D86E__DF00E3DEC2F027B3EBAF5F4DC02214C1C799ED50, StartTime=2016.07.04-20.21.53, HierarchicalDDC=, DataSize=46924, Duration=16.003679, RunGuid=RunID3DAD11854582523DC43988B04EC94887
DDCTransactionId8049D9FC4239867F3F758DBAC4F8E2D9_28, PutCachedData=, CacheKey=PhysX_1D9C17C451EA4FB88CB7A27536A65DB0_PhysXPC_B5798EB74ABF9E6ABC01EAA635B3AAD__ED1658C6229610E1580079F416DB427C6FBF5681, StartTime=2016.07.04-20.21.53, HierarchicalDDC=, DataSize=46924, Duration=14.347885, RunGuid=RunID3DAD11854582523DC43988B04EC94887
DDCTransactionId054DC54B4980E17C676F0FAA0355F9A4_28, PutCachedData=, CacheKey=PhysX_1D9C17C451EA4FB88CB7A27536A65DB0_PhysXPC_63ED575346BEBD4D5C2B8A9A5CABD6D__31D3D3BDAE7E4F07B31FB2E1A5CC25C39FE79640, StartTime=2016.07.04-20.21.54, HierarchicalDDC=, DataSize=46924, Duration=13.811096, RunGuid=RunID3DAD11854582523DC43988B04EC94887
DDCTransactionId8049D9FC4239867F3F758DBAC4F8E2D9_29, PutCachedData=, CacheKey=PhysX_1D9C17C451EA4FB88CB7A27536A65DB0_PhysXPC_DE19D87B4D5A23C68479D48A9D7E2F3__A125A7395786C81826D4528AC435B4A7E39CC453, StartTime=2016.07.04-20.21.55, HierarchicalDDC=, DataSize=46924, Duration=13.346404, RunGuid=RunID3DAD11854582523DC43988B04EC94887
DDCTransactionId8285B29244D04C8C2F721D90CD59A664_28, PutCachedData=, CacheKey=PhysX_1D9C17C451EA4FB88CB7A27536A65DB0_PhysXPC_EC447AA744C20A1704037EA39BCB50C__B51C1C7822C17B830A87CBE74449709DCF814E5D, StartTime=2016.07.04-20.21.55, HierarchicalDDC=, DataSize=46924, Duration=13.563998, RunGuid=RunID3DAD11854582523DC43988B04EC94887
DDCTransactionId054DC54B4980E17C676F0FAA0355F9A4_29, PutCachedData=, CacheKey=PhysX_1D9C17C451EA4FB88CB7A27536A65DB0_PhysXPC_2D0790A24BEC25CF59EA37AA4AE9A4B__9E66AA430D354078C093008F2C13E4B774921D30, StartTime=2016.07.04-20.21.55, HierarchicalDDC=, DataSize=46924, Duration=14.445391, RunGuid=RunID3DAD11854582523DC43988B04EC94887
DDCTransactionId8049D9FC4239867F3F758DBAC4F8E2D9_30, PutCachedData=, CacheKey=PhysX_1D9C17C451EA4FB88CB7A27536A65DB0_PhysXPC_E3C430DF46B01E1C6CFA809F2CAA8F5__BF19BF72706343E52CE1D57180A80629893694B9, StartTime=2016.07.04-20.21.55, HierarchicalDDC=, DataSize=46924, Duration=13.415430, RunGuid=RunID3DAD11854582523DC43988B04EC94887
DDCTransactionId054DC54B4980E17C676F0FAA0355F9A4_30, PutCachedData=, CacheKey=PhysX_1D9C17C451EA4FB88CB7A27536A65DB0_PhysXPC_BD4EEDC64E7AFB17AAB170A2BDFEC6D__A4326DCFCAF0B1299E3A31AEFDF1F40E51A01956, StartTime=2016.07.04-20.21.55, HierarchicalDDC=, DataSize=46924, Duration=13.173975, RunGuid=RunID3DAD11854582523DC43988B04EC94887
DDCTransactionId8285B29244D04C8C2F721D90CD59A664_29, PutCachedData=, CacheKey=PhysX_1D9C17C451EA4FB88CB7A27536A65DB0_PhysXPC_FF9F233F4E0C7937A598388C3E4AB1B__AC504F29E24C0B06C7A16FEDB78F2DC4C636F217, StartTime=2016.07.04-20.21.55, HierarchicalDDC=, DataSize=46924, Duration=13.606075, RunGuid=RunID3DAD11854582523DC43988B04EC94887
DDCTransactionId8049D9FC4239867F3F758DBAC4F8E2D9_31, PutCachedData=, CacheKey=PhysX_1D9C17C451EA4FB88CB7A27536A65DB0_PhysXPC_20D44F3F4206689A05BD1CA93E09EB6__65441C8684D768DB2E50B3037E13F07950D5896A, StartTime=2016.07.04-20.21.55, HierarchicalDDC=, DataSize=46924, Duration=12.810897, RunGuid=RunID3DAD11854582523DC43988B04EC94887
DDCTransactionId054DC54B4980E17C676F0FAA0355F9A4_31, PutCachedData=, CacheKey=PhysX_1D9C17C451EA4FB88CB7A27536A65DB0_PhysXPC_8410941347C5A30F9019E29F13AE3B1__385A1946298CC20E777B389CE23F0F185FF04E55, StartTime=2016.07.04-20.21.55, HierarchicalDDC=, DataSize=46924, Duration=13.252750, RunGuid=RunID3DAD11854582523DC43988B04EC94887
DDCTransactionId8285B29244D04C8C2F721D90CD59A664_30, PutCachedData=, CacheKey=PhysX_1D9C17C451EA4FB88CB7A27536A65DB0_PhysXPC_5B2CC1124C9B5C988D7828A18D928AA__CB5F9E3CF3CCD976C9D46474A7D5CAD581EDC497, StartTime=2016.07.04-20.21.55, HierarchicalDDC=, DataSize=46924, Duration=14.026888, RunGuid=RunID3DAD11854582523DC43988B04EC94887
DDCTransactionId054DC54B4980E17C676F0FAA0355F9A4_32, PutCachedData=, CacheKey=PhysX_1D9C17C451EA4FB88CB7A27536A65DB0_PhysXPC_7354535E4004049B9F0C95AC082B681__647BE6F6FF7091415AD0FDB8E95E2D5CFE10506E, StartTime=2016.07.04-20.21.55, HierarchicalDDC=, DataSize=46924, Duration=14.171861, RunGuid=RunID3DAD11854582523DC43988B04EC94887
DDCTransactionId8049D9FC4239867F3F758DBAC4F8E2D9_32, PutCachedData=, CacheKey=PhysX_1D9C17C451EA4FB88CB7A27536A65DB0_PhysXPC_AABB24A7489C6E0F2713B0A86F9D993__0934BD0AB296CE637E5C0D8876FC782BE26DA5BF, StartTime=2016.07.04-20.21.55, HierarchicalDDC=, DataSize=46924, Duration=12.540962, RunGuid=RunID3DAD11854582523DC43988B04EC94887
DDCTransactionId8285B29244D04C8C2F721D90CD59A664_31, PutCachedData=, CacheKey=PhysX_1D9C17C451EA4FB88CB7A27536A65DB0_PhysXPC_5DD2893B474DD8F8F5EDE8B284DEE37__54D8FACCEA0C61BCE3A637C41CC37C6EF972D947, StartTime=2016.07.04-20.21.55, HierarchicalDDC=, DataSize=46924, Duration=12.952793, RunGuid=RunID3DAD11854582523DC43988B04EC94887
DDCTransactionId054DC54B4980E17C676F0FAA0355F9A4_33, PutCachedData=, CacheKey=PhysX_1D9C17C451EA4FB88CB7A27536A65DB0_PhysXPC_D9A7E32840BAAB30FAA82B82F14372B__15E3889126F831561BCB899370B926D73CB13B76, StartTime=2016.07.04-20.21.55, HierarchicalDDC=, DataSize=46924, Duration=14.570609, RunGuid=RunID3DAD11854582523DC43988B04EC94887
DDCTransactionId8049D9FC4239867F3F758DBAC4F8E2D9_33, PutCachedData=, CacheKey=PhysX_1D9C17C451EA4FB88CB7A27536A65DB0_PhysXPC_C3C7D69F4A1E61AF0B4657902C11EA0__E6C3FDBC2F6E80730B00A7E762CB9D37B9DD8EF2, StartTime=2016.07.04-20.21.55, HierarchicalDDC=, DataSize=46924, Duration=12.765992, RunGuid=RunID3DAD11854582523DC43988B04EC94887
DDCTransactionId054DC54B4980E17C676F0FAA0355F9A4_34, PutCachedData=, CacheKey=PhysX_1D9C17C451EA4FB88CB7A27536A65DB0_PhysXPC_9FD13F8D41BAA4C96F6681A7E97DBBE__DEB64B4E97696E402452C8638FBB5D4227AD957B, StartTime=2016.07.04-20.21.55, HierarchicalDDC=, DataSize=46924, Duration=12.478094, RunGuid=RunID3DAD11854582523DC43988B04EC94887
DDCTransactionId8285B29244D04C8C2F721D90CD59A664_32, PutCachedData=, CacheKey=PhysX_1D9C17C451EA4FB88CB7A27536A65DB0_PhysXPC_93F0A940482AD67D8ECC96B6D7528A8__92D1D85DE61693045B937A5A603EF862338638BE, StartTime=2016.07.04-20.21.56, HierarchicalDDC=, DataSize=46924, Duration=13.158582, RunGuid=RunID3DAD11854582523DC43988B04EC94887
DDCTransactionId8049D9FC4239867F3F758DBAC4F8E2D9_34, PutCachedData=, CacheKey=PhysX_1D9C17C451EA4FB88CB7A27536A65DB0_PhysXPC_B038A3514774A36C4FCD829A61C31AB__B4E2D40B7A05A162940C32BD0A70DC7828FD8C80, StartTime=2016.07.04-20.21.56, HierarchicalDDC=, DataSize=46924, Duration=12.432423, RunGuid=RunID3DAD11854582523DC43988B04EC94887
DDCTransactionId054DC54B4980E17C676F0FAA0355F9A4_35, PutCachedData=, CacheKey=PhysX_1D9C17C451EA4FB88CB7A27536A65DB0_PhysXPC_785C2DF244807378FA5DEBB22281802__51ECDB759C1587BCFE25551A4C959D9526E48F0F, StartTime=2016.07.04-20.21.56, HierarchicalDDC=, DataSize=46924, Duration=13.139848, RunGuid=RunID3DAD11854582523DC43988B04EC94887
DDCTransactionId8285B29244D04C8C2F721D90CD59A664_33, PutCachedData=, CacheKey=PhysX_1D9C17C451EA4FB88CB7A27536A65DB0_PhysXPC_2E00A7F743EAE9853AED3FBA59EFCB2__F3099D3DD585244620CBE3108E7102D9ED06DE74, StartTime=2016.07.04-20.21.56, HierarchicalDDC=, DataSize=46924, Duration=15.122537, RunGuid=RunID3DAD11854582523DC43988B04EC94887
DDCTransactionId054DC54B4980E17C676F0FAA0355F9A4_36, PutCachedData=, CacheKey=PhysX_1D9C17C451EA4FB88CB7A27536A65DB0_PhysXPC_50F57EE64D728C80A0FB159ED57E5C9__FE0498B63DF9DD4F220E8DFD114617A10006A540, StartTime=2016.07.04-20.21.56, HierarchicalDDC=, DataSize=46924, Duration=12.696970, RunGuid=RunID3DAD11854582523DC43988B04EC94887
DDCTransactionId8049D9FC4239867F3F758DBAC4F8E2D9_35, PutCachedData=, CacheKey=PhysX_1D9C17C451EA4FB88CB7A27536A65DB0_PhysXPC_D7309FFD4A14EC55C42F71B1522D3B6__82C0B71D714603D4AB3FA0EED24D22518A9F10B0, StartTime=2016.07.04-20.21.56, HierarchicalDDC=, DataSize=46924, Duration=12.667976, RunGuid=RunID3DAD11854582523DC43988B04EC94887
DDCTransactionId8285B29244D04C8C2F721D90CD59A664_34, PutCachedData=, CacheKey=PhysX_1D9C17C451EA4FB88CB7A27536A65DB0_PhysXPC_D1BEC6E3494F700CCD87E2940E320A4__F6526299A7D31884AF9FC875EA92E162C2F06267, StartTime=2016.07.04-20.21.56, HierarchicalDDC=, DataSize=46924, Duration=12.722369, RunGuid=RunID3DAD11854582523DC43988B04EC94887
DDCTransactionId054DC54B4980E17C676F0FAA0355F9A4_37, PutCachedData=, CacheKey=PhysX_1D9C17C451EA4FB88CB7A27536A65DB0_PhysXPC_D8F84B7643590B575F6CB8A2B39C739__205973F6B400FB232D192E4EECF43A70CD72B658, StartTime=2016.07.04-20.21.56, HierarchicalDDC=, DataSize=46924, Duration=12.678496, RunGuid=RunID3DAD11854582523DC43988B04EC94887
DDCTransactionId8285B29244D04C8C2F721D90CD59A664_35, PutCachedData=, CacheKey=PhysX_1D9C17C451EA4FB88CB7A27536A65DB0_PhysXPC_0EF5D940480F1A9ECC026AA0818B979__A8AE1DA9D7B74BA69545CF56C08B38965E98E030, StartTime=2016.07.04-20.21.56, HierarchicalDDC=, DataSize=46924, Duration=14.846958, RunGuid=RunID3DAD11854582523DC43988B04EC94887
DDCTransactionId8285B29244D04C8C2F721D90CD59A664_36, PutCachedData=, CacheKey=PhysX_1D9C17C451EA4FB88CB7A27536A65DB0_PhysXPC_87919E22415163C4688CECB640F61B0__3615E3CB63E258E934E3ABA7B9730AE97F114301, StartTime=2016.07.04-20.21.58, HierarchicalDDC=, DataSize=46924, Duration=13.325110, RunGuid=RunID3DAD11854582523DC43988B04EC94887
SavePackageTransactionIdB25429B045ACE16E6E24CAAE15E00BC1_0, Filename=../../../../../../Users/User/Documents/Unreal Projects/MyProject/Saved/Autosaves/Game/FirstPersonBP/Maps/FirstPersonExampleMap_Auto1.umap, AutoPackageBackupDelegate=14.265265, FlushAsyncLoading=0.011291, FlushStreamingFunc=0.083391, BlockTillAllRequestsFinished=0.005133, ResetLoadersForSaveUnMarkAllObjects=27.088478, TagPackageExports=1.047157, BeginCacheForCookedPlatformData=0.001539, SerializeImports=1.667082, GatherLocalizableTextData=9.945784, MarkNames=0.073127, SerializeSummary=0.018988, SerializeNames=0.444420, SerializeGatherableTextData=0.027712, BuildExportMap=0.233755, SortExportsNonSeekfree=0.718202, SortExportsSeekfreeConstructor=0.084419, SortExportsSeekfreeInner=15.220046, SortExportsSeekfree=0.005390, BuildDependencyMap=0.099301, SerializeImportMap=0.043876, SerializeExportMap=0.039514, SerializeDependencyMap=0.007696, SerializeStringAssetReferenceMap=0.001542, SaveThumbNailsAssetRegistryDataWorldLevelInfo=1.108736, SerializeExports=4.680250, SerializeBulkData=950.824036, MoveFile=4.469588, UnaccountedTime=0.218615, RunGuid=RunID3DAD11854582523DC43988B04EC94887
SavePackageTransactionIdB25429B045ACE16E6E24CAAE15E00BC1_1, Filename=../../../../../../Users/User/Documents/Unreal Projects/MyProject/Saved/Autosaves/Game/Assets/AirlockType1_Auto1.uasset, AutoPackageBackupDelegate=3.127351, FlushAsyncLoading=0.005387, FlushStreamingFunc=0.033099, BlockTillAllRequestsFinished=0.003081, ResetLoadersForSaveUnMarkAllObjects=0.106487, TagPackageExports=0.020787, BeginCacheForCookedPlatformData=0.000767, SerializeImports=0.341270, GatherLocalizableTextData=0.170376, MarkNames=0.004362, SerializeSummary=0.007186, SerializeNames=0.047211, SerializeGatherableTextData=0.000771, BuildExportMap=0.011545, SortExportsNonSeekfree=0.004619, SortExportsSeekfreeConstructor=0.004876, SortExportsSeekfreeInner=0.401054, SortExportsSeekfree=0.001796, BuildDependencyMap=0.004876, SerializeImportMap=0.006158, SerializeExportMap=0.003591, SerializeDependencyMap=0.001024, SerializeStringAssetReferenceMap=0.001285, SaveThumbNailsAssetRegistryDataWorldLevelInfo=5.173162, SerializeExports=0.210404, SerializeBulkData=0.076979, MoveFile=2.648037, UnaccountedTime=0.085186, RunGuid=RunID3DAD11854582523DC43988B04EC94887
SavePackageTransactionIdB25429B045ACE16E6E24CAAE15E00BC1_2, Filename=../../../../../../Users/User/Documents/Unreal Projects/MyProject/Saved/Autosaves/Game/Assets/AirlockType3_Auto1.uasset, AutoPackageBackupDelegate=3.374960, FlushAsyncLoading=0.008468, FlushStreamingFunc=0.043366, BlockTillAllRequestsFinished=0.004362, ResetLoadersForSaveUnMarkAllObjects=0.143435, TagPackageExports=0.028741, BeginCacheForCookedPlatformData=0.000767, SerializeImports=0.421841, GatherLocalizableTextData=0.246584, MarkNames=0.011291, SerializeSummary=0.013083, SerializeNames=0.067230, SerializeGatherableTextData=0.001796, BuildExportMap=0.028480, SortExportsNonSeekfree=0.007186, SortExportsSeekfreeConstructor=0.008468, SortExportsSeekfreeInner=0.653028, SortExportsSeekfree=0.004105, BuildDependencyMap=0.007439, SerializeImportMap=0.006158, SerializeExportMap=0.003848, SerializeDependencyMap=0.001542, SerializeStringAssetReferenceMap=0.001796, SaveThumbNailsAssetRegistryDataWorldLevelInfo=5.343281, SerializeExports=0.242226, SerializeBulkData=0.097506, MoveFile=3.403187, UnaccountedTime=0.100330, RunGuid=RunID3DAD11854582523DC43988B04EC94887
SavePackageTransactionIdB25429B045ACE16E6E24CAAE15E00BC1_3, Filename=../../../../../../Users/User/Documents/Unreal Projects/MyProject/Saved/Autosaves/Game/Assets/AirlockType2_Auto1.uasset, AutoPackageBackupDelegate=3.380865, FlushAsyncLoading=0.005644, FlushStreamingFunc=0.033356, BlockTillAllRequestsFinished=0.002824, ResetLoadersForSaveUnMarkAllObjects=0.115722, TagPackageExports=0.018474, BeginCacheForCookedPlatformData=0.000771, SerializeImports=0.399001, GatherLocalizableTextData=0.148311, MarkNames=0.004362, SerializeSummary=0.006925, SerializeNames=0.041571, SerializeGatherableTextData=0.000767, BuildExportMap=0.011034, SortExportsNonSeekfree=0.004619, SortExportsSeekfreeConstructor=0.005130, SortExportsSeekfreeInner=0.451349, SortExportsSeekfree=0.001539, BuildDependencyMap=0.004876, SerializeImportMap=0.006158, SerializeExportMap=0.003334, SerializeDependencyMap=0.000771, SerializeStringAssetReferenceMap=0.001539, SaveThumbNailsAssetRegistryDataWorldLevelInfo=5.461317, SerializeExports=0.170890, SerializeBulkData=0.104178, MoveFile=3.587935, UnaccountedTime=0.101611, RunGuid=RunID3DAD11854582523DC43988B04EC94887
DDCTransactionId054DC54B4980E17C676F0FAA0355F9A4_38, PutCachedData=, CacheKey=NavCollision_B89838347A4348138EE337A847529C5C_NavCollision_X_E8D522EA440E9D9F5__0E7D8F67B6E4ADECAD69AB76026246D8F224A445, StartTime=2016.07.04-20.23.59, HierarchicalDDC=, DataSize=1893, Duration=4.485496, RunGuid=RunID3DAD11854582523DC43988B04EC94887
SavePackageTransactionIdB25429B045ACE16E6E24CAAE15E00BC1_4, Filename=../../../../../../Users/User/Documents/Unreal Projects/MyProject/Content/FirstPersonBP/Maps/FirstPersonExampleMap.umap, AutoPackageBackupDelegate=0.743352, FlushAsyncLoading=0.002563, FlushStreamingFunc=0.039004, BlockTillAllRequestsFinished=0.013087, ResetLoadersForSaveUnMarkAllObjects=28.694231, TagPackageExports=0.923216, BeginCacheForCookedPlatformData=0.001542, SerializeImports=1.684275, GatherLocalizableTextData=10.308862, MarkNames=0.095963, SerializeSummary=0.018477, SerializeNames=0.572715, SerializeGatherableTextData=0.041053, BuildExportMap=0.320487, SortExportsNonSeekfree=0.698444, SortExportsSeekfreeConstructor=0.051063, SortExportsSeekfreeInner=16.034725, SortExportsSeekfree=0.007439, BuildDependencyMap=0.193730, SerializeImportMap=0.046957, SerializeExportMap=0.038486, SerializeDependencyMap=0.008982, SerializeStringAssetReferenceMap=0.002310, SaveThumbNailsAssetRegistryDataWorldLevelInfo=1.254737, SerializeExports=6.575182, SerializeBulkData=967.456360, MoveFile=6.805863, UnaccountedTime=4.477795, RunGuid=RunID3DAD11854582523DC43988B04EC94887
SavePackageTransactionIdB25429B045ACE16E6E24CAAE15E00BC1_5, Filename=../../../../../../Users/User/Documents/Unreal Projects/MyProject/Content/Assets/AirlockType1.uasset, AutoPackageBackupDelegate=0.831105, FlushAsyncLoading=0.002310, FlushStreamingFunc=0.052087, BlockTillAllRequestsFinished=0.003081, ResetLoadersForSaveUnMarkAllObjects=0.179615, TagPackageExports=0.020269, BeginCacheForCookedPlatformData=0.000771, SerializeImports=0.299957, GatherLocalizableTextData=0.179358, MarkNames=0.004105, SerializeSummary=0.006929, SerializeNames=0.045415, SerializeGatherableTextData=0.000771, BuildExportMap=0.010777, SortExportsNonSeekfree=0.004619, SortExportsSeekfreeConstructor=0.005387, SortExportsSeekfreeInner=0.421837, SortExportsSeekfree=0.001799, BuildDependencyMap=0.004873, SerializeImportMap=0.005390, SerializeExportMap=0.003077, SerializeDependencyMap=0.000771, SerializeStringAssetReferenceMap=0.001281, SaveThumbNailsAssetRegistryDataWorldLevelInfo=0.137277, SerializeExports=0.225034, SerializeBulkData=0.077233, MoveFile=3.125299, UnaccountedTime=2.847921, RunGuid=RunID3DAD11854582523DC43988B04EC94887
SavePackageTransactionIdB25429B045ACE16E6E24CAAE15E00BC1_6, Filename=../../../../../../Users/User/Documents/Unreal Projects/MyProject/Content/Assets/AirlockType3.uasset, AutoPackageBackupDelegate=0.670988, FlushAsyncLoading=0.002053, FlushStreamingFunc=0.049010, BlockTillAllRequestsFinished=0.003591, ResetLoadersForSaveUnMarkAllObjects=0.161655, TagPackageExports=0.018474, BeginCacheForCookedPlatformData=0.000771, SerializeImports=0.290461, GatherLocalizableTextData=0.153955, MarkNames=0.004362, SerializeSummary=0.007443, SerializeNames=0.061583, SerializeGatherableTextData=0.000514, BuildExportMap=0.011288, SortExportsNonSeekfree=0.004619, SortExportsSeekfreeConstructor=0.004619, SortExportsSeekfreeInner=0.386685, SortExportsSeekfree=0.001539, BuildDependencyMap=0.004876, SerializeImportMap=0.004876, SerializeExportMap=0.003077, SerializeDependencyMap=0.000767, SerializeStringAssetReferenceMap=0.001285, SaveThumbNailsAssetRegistryDataWorldLevelInfo=0.139073, SerializeExports=0.148311, SerializeBulkData=0.106998, MoveFile=3.189191, UnaccountedTime=2.316516, RunGuid=RunID3DAD11854582523DC43988B04EC94887
SavePackageTransactionIdB25429B045ACE16E6E24CAAE15E00BC1_7, Filename=../../../../../../Users/User/Documents/Unreal Projects/MyProject/Content/Assets/AirlockType2.uasset, AutoPackageBackupDelegate=0.673812, FlushAsyncLoading=0.002056, FlushStreamingFunc=0.055164, BlockTillAllRequestsFinished=0.003595, ResetLoadersForSaveUnMarkAllObjects=0.179615, TagPackageExports=0.018988, BeginCacheForCookedPlatformData=0.000771, SerializeImports=0.292003, GatherLocalizableTextData=0.154212, MarkNames=0.004105, SerializeSummary=0.006668, SerializeNames=0.043109, SerializeGatherableTextData=0.000771, BuildExportMap=0.011545, SortExportsNonSeekfree=0.004619, SortExportsSeekfreeConstructor=0.005901, SortExportsSeekfreeInner=0.423893, SortExportsSeekfree=0.001796, BuildDependencyMap=0.005387, SerializeImportMap=0.005648, SerializeExportMap=0.003334, SerializeDependencyMap=0.001024, SerializeStringAssetReferenceMap=0.001028, SaveThumbNailsAssetRegistryDataWorldLevelInfo=0.141896, SerializeExports=0.165757, SerializeBulkData=0.082109, MoveFile=3.058840, UnaccountedTime=0.877805, RunGuid=RunID3DAD11854582523DC43988B04EC94887
SavePackageTransactionIdB25429B045ACE16E6E24CAAE15E00BC1_8, Filename=../../../../../../Users/User/Documents/Unreal Projects/MyProject/Content/FirstPersonBP/Maps/FirstPersonExampleMap.umap, AutoPackageBackupDelegate=19.218269, FlushAsyncLoading=0.019759, FlushStreamingFunc=0.097249, BlockTillAllRequestsFinished=0.004619, ResetLoadersForSaveUnMarkAllObjects=26.000269, TagPackageExports=1.215734, BeginCacheForCookedPlatformData=0.003081, SerializeImports=2.035294, GatherLocalizableTextData=11.182048, MarkNames=0.095449, SerializeSummary=0.014115, SerializeNames=0.405159, SerializeGatherableTextData=0.042852, BuildExportMap=0.320997, SortExportsNonSeekfree=0.660982, SortExportsSeekfreeConstructor=0.050548, SortExportsSeekfreeInner=15.050951, SortExportsSeekfree=0.008468, BuildDependencyMap=0.210918, SerializeImportMap=0.043109, SerializeExportMap=0.037719, SerializeDependencyMap=0.006929, SerializeStringAssetReferenceMap=0.001539, SaveThumbNailsAssetRegistryDataWorldLevelInfo=0.991475, SerializeExports=5.113631, SerializeBulkData=944.796936, MoveFile=4.752349, UnaccountedTime=1.177762, RunGuid=RunID3DAD11854582523DC43988B04EC94887
DDCTransactionId8285B29244D04C8C2F721D90CD59A664_37, PutCachedData=, CacheKey=NavCollision_B89838347A4348138EE337A847529C5C_NavCollision_X_E2F3515C4685A3C0F__DA0718B603E57036DE933E69045C5E969F47F4B1, StartTime=2016.07.04-20.34.42, HierarchicalDDC=, DataSize=1941, Duration=3.868133, RunGuid=RunID3DAD11854582523DC43988B04EC94887
DDCTransactionId7DDD65764774E2A21040C49A476CDF2B_0, BuildTexture=, CacheKey=TEXTURE_814DCC3DC72143F49509781513CB9855_BC5_A4E7B62F46E2851783D7E8BEA5DA034A_07_0000803F0000803F0000803F000000000000803F00000000000000000000803F00000000000000000200000001000000000000000100000000040000803FFFFFFFFF00000000FF00FF00FFFF8180803B, StartTime=2016.07.04-20.35.28, Duration=17.864489, RunGuid=RunID3DAD11854582523DC43988B04EC94887
DDCTransactionId8285B29244D04C8C2F721D90CD59A664_38, PutCachedData=, CacheKey=TEXTURE_814DCC3DC72143F49509781513CB9855_BC5_A4E7B62F46E2851783D7E8BEA5DA034A___1460A91016BB8214929FD01FA9459E4E2DBEAF75, StartTime=2016.07.04-20.35.28, HierarchicalDDC=, DataSize=262403, Duration=4.532196, RunGuid=RunID3DAD11854582523DC43988B04EC94887
DDCTransactionId8049D9FC4239867F3F758DBAC4F8E2D9_36, PutCachedData=, CacheKey=TEXTURE_814DCC3DC72143F49509781513CB9855_BC5_A4E7B62F46E2851783D7E8BEA5DA034A___C80FB78209DD15B6CAB9ACF178DCE816A06742C6, StartTime=2016.07.04-20.35.28, HierarchicalDDC=, DataSize=65795, Duration=4.307673, RunGuid=RunID3DAD11854582523DC43988B04EC94887
DDCTransactionId054DC54B4980E17C676F0FAA0355F9A4_39, PutCachedData=, CacheKey=TEXTURE_814DCC3DC72143F49509781513CB9855_BC5_A4E7B62F46E2851783D7E8BEA5DA034A___3C0447A7B320E05D85CB6A57DFEE153B41DD3FEC, StartTime=2016.07.04-20.35.28, HierarchicalDDC=, DataSize=16643, Duration=3.811426, RunGuid=RunID3DAD11854582523DC43988B04EC94887
DDCTransactionId054DC54B4980E17C676F0FAA0355F9A4_40, PutCachedData=, CacheKey=TEXTURE_814DCC3DC72143F49509781513CB9855_BC5_A4E7B62F46E2851783D7E8BEA5DA034A___6DF01F6B7DECFF326FB9C4AD5A6D9E407684D0DF, StartTime=2016.07.04-20.35.28, HierarchicalDDC=, DataSize=6882, Duration=3.861718, RunGuid=RunID3DAD11854582523DC43988B04EC94887
DDCTransactionId7DDD65764774E2A21040C49A476CDF2B_1, BuildTexture=, CacheKey=TEXTURE_814DCC3DC72143F49509781513CB9855_AutoDXT_516BCC79466F344857F523AB61EC30B6_07_0000803F0000803F0000803F000000000000803F00000000000000000000803F00000000000000000200000001000100000000000101000000040000803FFFFFFFFF00000000FF00FF00FFFF8180803B, StartTime=2016.07.04-20.35.28, Duration=130.835007, RunGuid=RunID3DAD11854582523DC43988B04EC94887
DDCTransactionId8049D9FC4239867F3F758DBAC4F8E2D9_37, PutCachedData=, CacheKey=TEXTURE_814DCC3DC72143F49509781513CB9855_AutoDXT_516BCC79466F344857F523AB61EC3__587B86C47A5780001741F6210CB1A7EE90776BDC, StartTime=2016.07.04-20.35.28, HierarchicalDDC=, DataSize=262407, Duration=4.385423, RunGuid=RunID3DAD11854582523DC43988B04EC94887
DDCTransactionId8285B29244D04C8C2F721D90CD59A664_39, PutCachedData=, CacheKey=TEXTURE_814DCC3DC72143F49509781513CB9855_AutoDXT_516BCC79466F344857F523AB61EC3__5677D6BAA40B32783475E59FF60C01D93A85AD89, StartTime=2016.07.04-20.35.28, HierarchicalDDC=, DataSize=65799, Duration=3.510702, RunGuid=RunID3DAD11854582523DC43988B04EC94887
DDCTransactionId054DC54B4980E17C676F0FAA0355F9A4_41, PutCachedData=, CacheKey=TEXTURE_814DCC3DC72143F49509781513CB9855_AutoDXT_516BCC79466F344857F523AB61EC3__2DD35DBBBF748920F09312F8C87A92C7BEFC91DF, StartTime=2016.07.04-20.35.28, HierarchicalDDC=, DataSize=16647, Duration=5.381260, RunGuid=RunID3DAD11854582523DC43988B04EC94887
DDCTransactionId8285B29244D04C8C2F721D90CD59A664_40, PutCachedData=, CacheKey=TEXTURE_814DCC3DC72143F49509781513CB9855_AutoDXT_516BCC79466F344857F523AB61EC3__290EA573399BDA581788399C5553AEDDA200E884, StartTime=2016.07.04-20.35.28, HierarchicalDDC=, DataSize=6899, Duration=3.203046, RunGuid=RunID3DAD11854582523DC43988B04EC94887
DDCTransactionId7DDD65764774E2A21040C49A476CDF2B_2, BuildTexture=, CacheKey=TEXTURE_814DCC3DC72143F49509781513CB9855_BGRA8_72107D3F4110EAEF3BE5D5841EFE141A_07_0000803F0000803F0000803F000000000000803F00000000000000000000803F0000000000000000020000000D000100000000000101000000040000803FFFFFFFFF00000000FF00FF00FFFF8180803B, StartTime=2016.07.04-20.35.28, Duration=0.316378, RunGuid=RunID3DAD11854582523DC43988B04EC94887
DDCTransactionId8049D9FC4239867F3F758DBAC4F8E2D9_38, PutCachedData=, CacheKey=TEXTURE_814DCC3DC72143F49509781513CB9855_BGRA8_72107D3F4110EAEF3BE5D5841EFE141__EBFABFC50FA425319A0ADC765708F5FF2CC0430C, StartTime=2016.07.04-20.35.28, HierarchicalDDC=, DataSize=16696, Duration=3.507879, RunGuid=RunID3DAD11854582523DC43988B04EC94887
SavePackageTransactionIdB25429B045ACE16E6E24CAAE15E00BC1_9, Filename=../../../../../../Users/User/Documents/Unreal Projects/MyProject/Content/AirlockType3_Blueprint.uasset, AutoPackageBackupDelegate=0.070821, FlushAsyncLoading=0.002824, FlushStreamingFunc=0.060298, BlockTillAllRequestsFinished=0.013344, ResetLoadersForSaveUnMarkAllObjects=0.091858, TagPackageExports=0.648666, BeginCacheForCookedPlatformData=0.001796, SerializeImports=1.282193, GatherLocalizableTextData=3.005467, MarkNames=0.014625, SerializeSummary=0.009753, SerializeNames=0.065688, SerializeGatherableTextData=0.003077, BuildExportMap=0.041824, SortExportsNonSeekfree=0.044391, SortExportsSeekfreeConstructor=0.043623, SortExportsSeekfreeInner=2.598770, SortExportsSeekfree=0.002820, BuildDependencyMap=0.012316, SerializeImportMap=0.007186, SerializeExportMap=0.007696, SerializeDependencyMap=0.002563, SerializeStringAssetReferenceMap=0.001796, SaveThumbNailsAssetRegistryDataWorldLevelInfo=5.261432, SerializeExports=0.986856, SerializeBulkData=0.005387, MoveFile=3.749333, UnaccountedTime=1.409974, RunGuid=RunID3DAD11854582523DC43988B04EC94887
SavePackageTransactionIdB25429B045ACE16E6E24CAAE15E00BC1_10, Filename=../../../../../../Users/User/Documents/Unreal Projects/MyProject/Content/FirstPersonBP/Maps/FirstPersonExampleMap.umap, AutoPackageBackupDelegate=13.556041, FlushAsyncLoading=0.010777, FlushStreamingFunc=0.069793, BlockTillAllRequestsFinished=0.005905, ResetLoadersForSaveUnMarkAllObjects=38.094501, TagPackageExports=1.111817, BeginCacheForCookedPlatformData=0.002306, SerializeImports=1.835667, GatherLocalizableTextData=10.076646, MarkNames=0.060041, SerializeSummary=0.011805, SerializeNames=0.385657, SerializeGatherableTextData=0.022583, BuildExportMap=0.237860, SortExportsNonSeekfree=0.803135, SortExportsSeekfreeConstructor=0.076976, SortExportsSeekfreeInner=14.412292, SortExportsSeekfree=0.004105, BuildDependencyMap=0.085704, SerializeImportMap=0.053629, SerializeExportMap=0.057992, SerializeDependencyMap=0.018988, SerializeStringAssetReferenceMap=0.001281, SaveThumbNailsAssetRegistryDataWorldLevelInfo=0.938360, SerializeExports=4.673835, SerializeBulkData=952.214783, MoveFile=4.785448, UnaccountedTime=1.321197, RunGuid=RunID3DAD11854582523DC43988B04EC94887
